{"mean": [76.11096923171323, 103.52618125696357, 1.5438591715695302, 0.7138461521764022, 0.0, 0.2459794990402894, 0.15806761984715179, 0.10000000000000023, 0.7325870119805662, 11.90130674091229, 1.044554210844164, 0.10000000000000023, 179.63715048867655, 0.0, 0.10450344947721955, 0.03495875442207622, 0.0, 67.65707891896645, 76.55766138785535, 67.6554339644994, 97.04631315103337, -0.13719020879892638, -0.018458839361471358, -0.07469419803898843, 0.1478511775441217, 3.5210637762134196, 0.32767510173692155, 0.00013092345344043835, -0.0004574390001086991], "scale": [29.118279288572776, 50.443813640752005, 3.085094098933277, 0.45196219222336165, 1.0, 0.4306664429604165, 0.3648043960850912, 1.0, 0.5518153793716408, 192.68393491900375, 0.6728786459513008, 1.0, 66.12857875474104, 1.0, 0.3059125341083326, 0.1836753655538303, 1.0, 50.418514384388715, 132.31104976577618, 25.921509251357254, 117.23410213131322, 0.6939639149193959, 0.7065778107532676, 0.6850199032948425, 0.7094424135672, 1.2779033295623456, 0.46936566708550337, 0.9495535651232785, 0.9886152366164246]}